Member State,Year,Fund,Total Paid,Advance,Interim,Absorption (%)
Ireland,2007,ERDF,7507247.4,7507247.4,0,2
Estonia,2007,CF,28793286.2,28793286.2,0,2.5
United Kingdom,2007,ERDF,108320394.7,108320394.7,0,2
Bulgaria,2007,CF,57075904.1,57075904.1,0,2.5
Austria,2007,ERDF,13601320.4,13601320.4,0,2.1
Austria,2007,TOTAL,24089571.6,24089571.6,0,2.1
Netherlands,2007,ESF,16600054.7,16600054.7,0,2
Cyprus,2007,CF,5330112.1,5330112.1,0,2.5
Romania,2007,ERDF,179529321.3,179529321.3,0,2
Hungary,2007,ERDF,252994876.6,252994876.6,0,2
Lithuania,2007,CF,57630893.6,57630893.6,0,2.5
Belgium,2007,ERDF,14155364.8,14155364.8,0,1.4
Finland,2007,ESF,12371281.3,12371281.3,0,2
Malta,2007,TOTAL,18223186.1,18223186.1,0,2.2
United Kingdom,2007,TOTAL,197818749.3,197818749.3,0,2
Lithuania,2007,ESF,20566134.5,20566134.5,0,2
Romania,2007,TOTAL,417022849.4,417022849.4,0,2.2
Ireland,2007,ESF,7507247.4,7507247.4,0,2
Croatia,2007,CF,0,0,0,0
Lithuania,2007,TOTAL,147036035.2,147036035.2,0,2.2
Finland,2007,TOTAL,31919320.9,31919320.9,0,2
Poland,2007,TOTAL,1400802683.4,1400802683.4,0,2.1
Ireland,2007,TOTAL,15014494.8,15014494.8,0,2
Germany,2007,TOTAL,509772325.8,509772325.8,0,2
Spain,2007,TOTAL,693154679.6,693154679.6,0,2
Czech republic,2007,TOTAL,367997131,367997131,0,1.4
Hungary,2007,TOTAL,541634553.1,541634553.1,0,2.2
EU28,2007,ESF,1513921430.3,1513921430.3,0,2
Netherlands,2007,TOTAL,33200054.7,33200054.7,0,2
France,2007,TOTAL,211145914.7,211145914.7,0,1.6
Latvia,2007,TOTAL,98307835.4,98307835.4,0,2.2
Sweden,2007,TOTAL,32521837.8,32521837.8,0,2
Denmark,2007,TOTAL,10191544.8,10191544.8,0,2
Portugal,2007,TOTAL,426509451.5,426509451.5,0,2
Sweden,2007,ESF,13831023.2,13831023.2,0,2
Spain,2007,ESF,161146576.4,161146576.4,0,2
Luxembourg,2007,TOTAL,504873.3,504873.3,0,1
United Kingdom,2007,ESF,89498354.6,89498354.6,0,2
Cyprus,2007,TOTAL,13314722.3,13314722.3,0,2.2
Greece,2007,TOTAL,401029220.8,401029220.8,0,2
Slovakia,2007,TOTAL,246706091.8,246706091.8,0,2.1
Bulgaria,2007,TOTAL,144887745.7,144887745.7,0,2.2
Croatia,2007,ESF,0,0,0,0
Slovenia,2007,TOTAL,89078822,89078822,0,2.2
Luxembourg,2007,ERDF,0,0,0,0
Belgium,2007,TOTAL,35619716.7,35619716.7,0,1.7
Croatia,2007,ERDF,0,0,0,0
Italy,2007,TOTAL,470862990,470862990,0,1.7
EU28,2007,TOTAL,6652194256.7,6652194256.6,0,2
Estonia,2007,TOTAL,73827854.9,73827854.8,0,2.2
Germany,2007,ESF,187613095.3,187613095.3,0,2
Bulgaria,2007,ESF,23709197.3,23709197.3,0,2
Poland,2007,ESF,194143520,194143520,0,1.9
Hungary,2007,CF,216057905.4,216057905.4,0,2.5
Slovenia,2007,CF,35289246.4,35289246.4,0,2.5
Slovenia,2007,ERDF,38675588.2,38675588.2,0,2
Sweden,2007,ERDF,18690814.6,18690814.6,0,2
Croatia,2007,TOTAL,0,0,0,0
Estonia,2007,ESF,7830346.6,7830346.6,0,2
Czech republic,2007,ESF,75490428.6,75490428.6,0,2.1
Netherlands,2007,ERDF,16600000,16600000,0,2
Belgium,2007,ESF,21464351.9,21464351.9,0,2
Czech republic,2007,ERDF,177415763.6,177415763.6,0,1.3
Romania,2007,ESF,73682952.4,73682952.4,0,2
Bulgaria,2007,ERDF,64102644.3,64102644.3,0,2
Greece,2007,CF,73943217.3,73943217.3,0,2
Luxembourg,2007,ESF,504873.3,504873.3,0,2
Finland,2007,ERDF,19548039.6,19548039.6,0,2
Latvia,2007,CF,38494413.8,38494413.8,0,2.5
Slovenia,2007,ESF,15113987.4,15113987.4,0,2
Lithuania,2007,ERDF,68839007.1,68839007.1,0,2
Austria,2007,ESF,10488251.2,10488251.2,0,2
Denmark,2007,ESF,5095772.4,5095772.4,0,2
Poland,2007,ERDF,652250319,652250319,0,1.9
Germany,2007,ERDF,322159230.5,322159230.5,0,2
Poland,2007,CF,554408844.4,554408844.4,0,2.5
Slovakia,2007,ESF,29992063.1,29992063.1,0,2
France,2007,ESF,105933775.2,105933775.2,0,1.9
Greece,2007,ERDF,242986003.6,242986003.6,0,2
Czech republic,2007,CF,115090938.8,115090938.8,0,1.3
Spain,2007,CF,70864260.2,70864260.2,0,2
Slovakia,2007,ERDF,119245564.6,119245564.6,0,2
Cyprus,2007,ERDF,5589227.1,5589227.1,0,2
Portugal,2007,CF,61199310.5,61199310.5,0,2
Malta,2007,ERDF,8879560.6,8879560.6,0,2
Malta,2007,ESF,2240000,2240000,0,2
Italy,2007,ESF,138760157.9,138760157.9,0,2
EU28,2007,CF,1582560998.1,1582560998.1,0,2.3
Latvia,2007,ESF,11013074.3,11013074.3,0,1.9
Romania,2007,CF,163810575.7,163810575.7,0,2.5
Portugal,2007,ERDF,235062383.7,235062383.7,0,2
Spain,2007,ERDF,461143843,461143843,0,2
Malta,2007,CF,7103625.5,7103625.5,0,2.5
Latvia,2007,ERDF,48800347.3,48800347.3,0,2
Hungary,2007,ESF,72581771,72581771,0,2
France,2007,ERDF,105212139.6,105212139.6,0,1.3
Portugal,2007,ESF,130247757.3,130247757.3,0,1.9
EU28,2007,ERDF,3555711828.3,3555711828.3,0,1.9
Italy,2007,ERDF,332102832.1,332102832.1,0,1.6
Greece,2007,ESF,84100000,84100000,0,1.9
Slovakia,2007,CF,97468464.1,97468464.1,0,2.5
Estonia,2007,ERDF,37204222.1,37204222.1,0,2
Cyprus,2007,ESF,2395383.1,2395383.1,0,2
Denmark,2007,ERDF,5095772.4,5095772.4,0,2
EU28,2008,CF,2803819866.2,2801546860.6,2273005.6,6.3
Estonia,2008,ESF,11745519.9,11745519.9,0,5
Slovenia,2008,ESF,22670981.1,22670981.1,0,5
France,2008,ESF,163793624.3,163793624.3,0,4.9
Latvia,2008,CF,61591062.1,61591062.1,0,6.5
Belgium,2008,ERDF,35358793.8,35358793.8,0,5
Germany,2008,ERDF,499767349.1,483238845.8,16528503.3,5.1
Slovenia,2008,CF,56462794.3,56462794.3,0,6.5
Austria,2008,ESF,15732376.8,15732376.8,0,5
Croatia,2008,ERDF,26655075,26655075,0,6.3
Lithuania,2008,TOTAL,226317142.1,226317142.1,0,5.5
Czech republic,2008,CF,458145519.7,458145519.7,0,6.6
Estonia,2008,CF,46069257.8,46069257.8,0,6.5
Greece,2008,ESF,126150000,126150000,0,4.8
Malta,2008,ERDF,13319340.9,13319340.9,0,5
Hungary,2008,ESF,110453292.1,108872656.5,1580635.6,5.1
Italy,2008,ERDF,719262543.3,719262543.3,0,5
United Kingdom,2008,ERDF,162480592,162480592,0,5
Spain,2008,ERDF,691715764.5,691715764.5,0,5
Poland,2008,CF,887054151,887054151,0,6.4
Croatia,2008,ESF,0,0,0,0
Ireland,2008,ESF,56941076.9,11260871.1,45680205.8,17.2
Lithuania,2008,ERDF,103258510.6,103258510.6,0,5
Czech republic,2008,TOTAL,1079418429.8,1079418429.8,0,5.6
Estonia,2008,ERDF,55806333.2,55806333.2,0,5
Greece,2008,TOTAL,601543831.3,601543831.3,0,5
France,2008,TOTAL,461315137.8,461315137.8,0,5
Cyprus,2008,CF,8528179.4,8528179.4,0,6.5
Italy,2008,TOTAL,927402780.2,927402780.2,0,5
Portugal,2008,CF,91798965.8,91798965.8,0,5
Netherlands,2008,ESF,24900082.1,24900082.1,0,5
Sweden,2008,TOTAL,48782756.6,48782756.6,0,5
Spain,2008,CF,106296390.2,106296390.2,0,5
Luxembourg,2008,TOTAL,2019493.3,2019493.3,0,5
Netherlands,2008,TOTAL,49800082.1,49800082.1,0,5
Poland,2008,ESF,291215280,291215280,0,4.9
EU28,2008,ESF,2368158234.3,2275775107,92383127.4,5.1
Luxembourg,2008,ESF,757310,757310,0,5
Malta,2008,TOTAL,28045141.7,28045141.7,0,5.5
Hungary,2008,TOTAL,847202715.1,834057620.2,13145095,5.6
Slovakia,2008,CF,155949542.5,155949542.5,0,6.5
Sweden,2008,ESF,20746534.7,20746534.7,0,5
Denmark,2008,TOTAL,15287317.2,15287317.2,0,5
Belgium,2008,ESF,32196527.8,32196527.8,0,5
Slovenia,2008,ERDF,58013382.2,58013382.2,0,5
Slovakia,2008,TOTAL,379805984.1,379805984.1,0,5.5
United Kingdom,2008,ESF,134247531.8,134247531.8,0,5
Austria,2008,TOTAL,36134357.4,36134357.4,0,5.1
Croatia,2008,CF,16049925,16049925,0,5.7
Lithuania,2008,ESF,30849201.8,30849201.8,0,5
Greece,2008,CF,110914825.9,110914825.9,0,5
Finland,2008,TOTAL,47878981.3,47878981.3,0,5
Malta,2008,ESF,3360000,3360000,0,5
Finland,2008,ERDF,29322059.4,29322059.4,0,5
Slovenia,2008,TOTAL,137147157.7,137147157.7,0,5.5
EU28,2008,ERDF,6044750685.7,6018930728.6,25819957.1,5
Denmark,2008,ESF,7643658.6,7643658.6,0,5
Estonia,2008,TOTAL,113621110.9,113621110.9,0,5.5
Germany,2008,TOTAL,822140922.6,764658488.7,57482433.9,5.2
Luxembourg,2008,ERDF,1262183.3,1262183.3,0,5
Croatia,2008,TOTAL,42705000,42705000,0,5
Ireland,2008,TOTAL,68201948,22521742.3,45680205.8,11.1
United Kingdom,2008,TOTAL,296728123.9,296728123.9,0,5
Spain,2008,TOTAL,1039732019.4,1039732019.4,0,5
Romania,2008,TOTAL,641915331.6,641915331.6,0,5.6
Bulgaria,2008,TOTAL,223039209,223039209,0,5.6
Cyprus,2008,ERDF,8383840.6,8383840.6,0,5
Netherlands,2008,ERDF,24900000,24900000,0,5
France,2008,ERDF,297521513.5,297521513.5,0,5
Finland,2008,ESF,18556921.9,18556921.9,0,5
Poland,2008,ERDF,1014665841.9,1014665841.9,0,4.8
Romania,2008,CF,262096921.1,262096921.1,0,6.5
Portugal,2008,ERDF,356897972.4,356897972.4,0,5.1
Malta,2008,CF,11365800.8,11365800.8,0,6.5
Portugal,2008,ESF,199539991.4,195371636,4168355.4,4.8
Portugal,2008,TOTAL,648236929.6,644068574.1,4168355.4,5
Czech republic,2008,ESF,113235642.8,113235642.8,0,5.1
Belgium,2008,TOTAL,67555321.6,67555321.6,0,5
Austria,2008,ERDF,20401980.6,20401980.6,0,5.3
Bulgaria,2008,ERDF,96153966.5,96153966.5,0,5.1
Ireland,2008,ERDF,11260871.2,11260871.2,0,5
Czech republic,2008,ERDF,508037267.2,508037267.2,0,5.1
Hungary,2008,CF,347965654.3,345692648.7,2273005.6,6.5
Greece,2008,ERDF,364479005.3,364479005.3,0,5
Bulgaria,2008,ESF,35563795.9,35563795.9,0,5
Poland,2008,TOTAL,2192935272.8,2192935272.8,0,5.3
Sweden,2008,ERDF,28036221.9,28036221.9,0,5
Italy,2008,ESF,208140236.9,208140236.9,0,5
Romania,2008,ESF,110524428.5,110524428.5,0,5
Cyprus,2008,TOTAL,20505094.6,20505094.6,0,5.5
Latvia,2008,ERDF,73200520.9,73200520.9,0,5.1
Latvia,2008,ESF,16519611.5,16519611.5,0,4.7
Slovakia,2008,ERDF,178868346.9,178868346.9,0,4.9
Slovakia,2008,ESF,44988094.7,44988094.7,0,5.1
Denmark,2008,ERDF,7643658.6,7643658.6,0,5
Bulgaria,2008,CF,91321446.6,91321446.6,0,6.5
Hungary,2008,ERDF,388783768.8,379492315,9291453.8,5.1
Romania,2008,ERDF,269293982,269293982,0,5.1
EU28,2008,TOTAL,11216728786.2,11096252696.2,120476090.1,5.3
Lithuania,2008,CF,92209429.7,92209429.7,0,6.5
Cyprus,2008,ESF,3593074.6,3593074.6,0,5
Spain,2008,ESF,241719864.7,241719864.7,0,5.1
Germany,2008,ESF,322373573.5,281419642.9,40953930.6,5.4
Latvia,2008,TOTAL,151311194.5,151311194.6,0,5.5
Spain,2009,ESF,659886578.4,201433220.6,458453357.8,13.4
Slovakia,2009,TOTAL,520811448.8,454424798,66386650.8,10
Poland,2009,TOTAL,5155672515.4,2608874119.7,2546798395.7,13
Belgium,2009,TOTAL,269483008.3,51587519.2,217895489.1,18.1
Hungary,2009,TOTAL,1904143994.4,996845944,907298050.4,13.2
Slovenia,2009,TOTAL,325614612.4,164041945.4,161572667,13.5
Sweden,2009,TOTAL,181387156.3,40652297.2,140734859.1,16.2
France,2009,TOTAL,1168711281.9,336230526.4,832480755.5,13.6
Luxembourg,2009,TOTAL,2586062.6,1262183.3,1323879.3,10.1
Malta,2009,TOTAL,35313224.6,33604922,1708302.6,9.7
Portugal,2009,TOTAL,1708335267,535289012.8,1173046254.1,13
Bulgaria,2009,TOTAL,266945129.8,266945129.8,0,9.6
United Kingdom,2009,TOTAL,845065086.4,247273436.6,597791649.8,13.6
Netherlands,2009,TOTAL,55272701,41500068.4,13772632.6,8.3
Romania,2009,TOTAL,909124667,768521468.5,140603198.5,10.3
Denmark,2009,TOTAL,33350963.7,12739431,20611532.8,11.5
Latvia,2009,TOTAL,424963649.8,181217905.4,243745744.5,14.9
Ireland,2009,TOTAL,91905228,18768118.6,73137109.4,23.3
Estonia,2009,TOTAL,474611147,136138395.2,338472751.7,19.5
Finland,2009,TOTAL,184114802.4,39899151.1,144215651.3,16.5
Cyprus,2009,TOTAL,59528115.7,24497399.7,35030716,15.2
Croatia,2009,TOTAL,144694.8,0,144694.8,5
Italy,2009,TOTAL,1332724274.5,699132885.2,633591389.3,9.8
Austria,2009,TOTAL,165821272.7,30111964.5,135709308.2,19.3
Czech republic,2009,TOTAL,1725887142.9,1052104179.4,673782963.6,12.3
Estonia,2009,ERDF,332590657.5,74408444.2,258182213.3,22.9
Bulgaria,2009,ERDF,128205288.6,128205288.6,0,9.2
Bulgaria,2009,ESF,47418394.5,47418394.5,0,9
Estonia,2009,ESF,55023992.5,15660693.2,39363299.3,19.1
Italy,2009,ESF,633641895.5,173450197.5,460191698,14.1
Malta,2009,ESF,4551429.5,4480000,71429.5,9.1
Poland,2009,ERDF,2628590354.5,1333532928.7,1295057425.8,12.3
Lithuania,2009,ERDF,745159279.1,137678014.1,607481265,26.6
Belgium,2009,ESF,148960333.2,26830439.9,122129893.4,18.9
Bulgaria,2009,CF,91321446.6,91321446.6,0,10.5
Romania,2009,ERDF,457570431.9,359058642.6,98511789.3,10.2
Slovakia,2009,ERDF,275622159.4,238491129.2,37131030.2,9.4
Finland,2009,ESF,69637898.8,15464101.6,54173797.2,16.3
Netherlands,2009,ESF,24073223.7,20750068.4,3323155.3,7.9
Cyprus,2009,ESF,4956341,4790766.2,165574.8,9.1
Denmark,2009,ERDF,9504763.8,6369715.5,3135048.3,8.7
Portugal,2009,CF,143467150.3,76499138.1,66968012.2,9.7
Greece,2009,ESF,145104149.1,117035030.2,28069118.9,8.1
Croatia,2009,ERDF,89466.3,0,89466.3,6.3
Croatia,2009,ESF,0,0,0,0
Ireland,2009,ESF,42810316.2,9384059.2,33426256.9,28.6
Luxembourg,2009,ERDF,631091.6,631091.6,0,7.5
Sweden,2009,ESF,63501244.6,17288779,46212465.7,14.2
Cyprus,2009,ERDF,40211490.1,11178454.2,29033036,19.4
Hungary,2009,CF,615978042.3,345692648.7,270285393.7,13.7
Sweden,2009,ERDF,117885911.7,23363518.3,94522393.4,17.6
Germany,2009,ESF,1113761955.9,234516369.1,879245586.8,17.4
Spain,2009,ERDF,1196106517.4,576429803.8,619676713.6,10.2
Malta,2009,ERDF,19395994.3,17759121.2,1636873.1,9.4
Slovenia,2009,ESF,33471219.2,30227974.8,3243244.4,9.4
Czech republic,2009,CF,576037780.8,352760897.6,223276883.3,13.3
Luxembourg,2009,ESF,1954971,631091.6,1323879.3,12.7
Slovakia,2009,CF,158630421.9,155949542.5,2680879.4,10.6
EU28,2009,ERDF,13807625583.2,6097599768.3,7710025814.9,12.2
Hungary,2009,ERDF,1029409537.1,505989753.3,523419783.8,13.2
Estonia,2009,CF,86996497,46069257.8,40927239.1,14.1
Netherlands,2009,ERDF,31199477.3,20750000,10449477.3,8.8
Hungary,2009,ESF,258756414.9,145163542,113592872.9,12.2
Slovakia,2009,ESF,86558867.5,59984126.2,26574741.3,10.9
Latvia,2009,ESF,41893776.2,22026148.7,19867627.5,11.9
Croatia,2009,CF,55228.5,0,55228.5,5.7
Slovenia,2009,ERDF,155991740.4,77351176.3,78640564.1,13.1
Romania,2009,CF,302671779.3,262096921.1,40574858.2,11.2
Slovenia,2009,CF,136151652.8,56462794.3,79688858.5,16.1
Denmark,2009,ESF,23846199.9,6369715.5,17476484.4,14.4
Spain,2009,CF,88580325.2,88580325.2,0,7.5
Cyprus,2009,CF,14360284.6,8528179.4,5832105.2,13.2
Czech republic,2009,ESF,152296962.7,150980857.1,1316105.6,9.3
Portugal,2009,ERDF,556868918,295980178.1,260888739.9,10
Latvia,2009,CF,96497506.2,61591062.1,34906444.1,12.8
Poland,2009,CF,1585578331.9,887054151,698524181,13.5
Austria,2009,ESF,109384414.3,13110314,96274100.3,25.9
Germany,2009,ERDF,1998385928.9,402699038.2,1595686890.7,17.5
EU28,2009,CF,4295845809.4,2628610616.5,1667235192.9,12.4
Romania,2009,ESF,148882455.7,147365904.7,1516551,9
Poland,2009,ESF,941503828.9,388287040,553216788.9,14.3
Latvia,2009,ERDF,286572367.4,97600694.6,188971672.8,17
France,2009,ERDF,607649042.3,201366826.6,406282215.7,12.5
United Kingdom,2009,ESF,548573178.6,111872943.2,436700235.3,17.2
Ireland,2009,ERDF,49094911.8,9384059.3,39710852.5,18.1
France,2009,ESF,561062239.5,134863699.8,426198539.8,15.1
Lithuania,2009,CF,245405979.8,92209429.7,153196550.1,17.1
Malta,2009,CF,11365800.8,11365800.8,0,10.5
Austria,2009,ERDF,56436858.4,17001650.5,39435207.9,14
Greece,2009,TOTAL,1144178860.4,513196556.3,630982304.2,10.6
Italy,2009,ERDF,699082379.1,525682687.7,173399691.3,8.3
Finland,2009,ERDF,114476903.7,24435049.5,90041854.2,16.7
Spain,2009,TOTAL,1944573421,866443349.7,1078130071.4,10.7
Belgium,2009,ERDF,120522675.1,24757079.3,95765595.7,17.2
Greece,2009,CF,142747581.1,92429021.6,50318559.6,8.9
Lithuania,2009,TOTAL,1067875085.8,271019712.9,796855372.9,21.3
Portugal,2009,ESF,1007999198.7,162809696.6,845189502.1,19.5
United Kingdom,2009,ERDF,296491907.9,135400493.4,161091414.5,10.5
EU28,2009,TOTAL,25110292699.6,11029537827.6,14080754872,12.7
EU28,2009,ESF,7006821307,2303327442.8,4703493864.2,14.2
Lithuania,2009,ESF,77309826.9,41132269.1,36177557.8,12.5
Czech republic,2009,ERDF,997552399.4,548362424.7,449189974.7,12.5
Greece,2009,ERDF,856327130.1,303732504.4,552594625.7,12
Germany,2009,TOTAL,3112147884.8,637215407.4,2474932477.5,17.5
Estonia,2010,ERDF,338953866.4,0,338953866.4,41.1
Italy,2010,ESF,335633162.5,0,335633162.5,18.9
Hungary,2010,ESF,215919993.6,145163542,70756451.6,18.2
Germany,2010,ESF,1128141449.1,0,1128141449.1,29.4
Portugal,2010,TOTAL,2618984420.9,0,2618984420.9,25.2
EU28,2010,ERDF,19849431038.9,0,19849431038.9,22.5
France,2010,ESF,535728197.5,0,535728197.5,24.9
Hungary,2010,ERDF,1183232328.2,0,1183232328.2,22.6
France,2010,TOTAL,1356963324.5,0,1356963324.6,23.6
Czech republic,2010,TOTAL,2102739716.7,0,2102739716.7,20.4
Malta,2010,TOTAL,65898714.9,0,65898714.9,17.6
Slovenia,2010,ESF,104672421.4,0,104672421.4,23.3
Latvia,2010,CF,167532395.3,30795531.1,136736864.2,23.6
Belgium,2010,TOTAL,104884258.5,0,104884258.5,23.2
Lithuania,2010,ERDF,367289939.8,0,367289939.8,37.3
United Kingdom,2010,TOTAL,1401527893.9,0,1401527893.9,27.7
Italy,2010,TOTAL,1445935633.6,0,1445935633.6,14.9
Italy,2010,ERDF,1110302471.1,0,1110302471.1,13.6
United Kingdom,2010,ESF,637958998.5,0,637958998.5,31.3
Croatia,2010,ERDF,3193359.7,0,3193359.7,7
Slovenia,2010,CF,107768123.8,0,107768123.8,23.8
Cyprus,2010,CF,31659292.1,0,31659292.1,28.1
Lithuania,2010,ESF,181391089.2,41132269.1,140258820.1,30.2
Poland,2010,ERDF,4556059399.7,0,4556059399.7,25.4
Ireland,2010,ERDF,44586459.4,0,44586459.4,30
Netherlands,2010,ERDF,82291614.8,0,82291614.8,18.7
Denmark,2010,TOTAL,41600834.6,0,41600834.6,19.7
Luxembourg,2010,TOTAL,2997378.6,0,2997378.6,16.1
Czech republic,2010,ESF,231090006,0,231090006,15.6
Romania,2010,TOTAL,505729070.2,278414365.3,227314704.9,13
Slovakia,2010,TOTAL,1022226392.7,0,1022226392.6,18.9
Slovenia,2010,TOTAL,465145164.4,0,465145164.5,24.8
Hungary,2010,TOTAL,2010627329.4,318009866.4,1692617463,21.3
Hungary,2010,CF,611475007.6,172846324.3,438628683.2,20.7
Spain,2010,ESF,361342826.5,0,361342826.5,18
Spain,2010,TOTAL,4077622275.7,0,4077622275.7,22.5
Bulgaria,2010,ERDF,349178712.2,0,349178712.2,20.2
Bulgaria,2010,ESF,42897519.4,0,42897519.4,12.7
Malta,2010,CF,32538383.7,0,32538383.7,22
Estonia,2010,TOTAL,527916864.4,38695322.1,489221542.3,35
Austria,2010,TOTAL,118341338.8,0,118341338.8,29.4
EU28,2010,CF,5625973091.7,403829659.7,5222143431.9,20.5
Austria,2010,ESF,51980866.5,0,51980866.5,35.8
Poland,2010,ESF,966715588,0,966715588,23.9
Lithuania,2010,TOTAL,871817945.1,87236983.9,784580961.2,34.1
Bulgaria,2010,CF,5055639.9,0,5055639.9,10.7
Cyprus,2010,ESF,12980070.6,0,12980070.6,20
Croatia,2010,ESF,0,0,0,0
Slovenia,2010,ERDF,252704619.3,0,252704619.3,26.1
Slovakia,2010,ESF,46960973.7,0,46960973.7,14
Croatia,2010,TOTAL,4258140.6,0,4258140.6,5.5
Greece,2010,ESF,292445396.7,0,292445396.7,14.8
Greece,2010,TOTAL,2270840607.6,0,2270840607.6,21.9
Bulgaria,2010,TOTAL,397131871.6,0,397131871.6,15.6
Luxembourg,2010,ESF,437918,0,437918,14.5
Slovakia,2010,CF,401792477.1,0,401792477.1,20.9
France,2010,ERDF,821235127,0,821235127,22.7
Finland,2010,TOTAL,147719664.3,0,147719664.3,25.8
Cyprus,2010,ERDF,22291905.6,0,22291905.6,27.4
Ireland,2010,ESF,52053222.3,0,52053222.3,42.4
Belgium,2010,ERDF,96618910.8,0,96618910.8,27
Netherlands,2010,ESF,67871383.6,0,67871383.6,16.1
Latvia,2010,TOTAL,463964328,52821679.7,411142648.3,25.1
Slovakia,2010,ERDF,573472941.8,0,573472941.8,18.8
Portugal,2010,CF,236489848.2,0,236489848.2,17.4
Finland,2010,ESF,36816427.1,0,36816427.1,22.2
Romania,2010,ERDF,159273823.4,0,159273823.4,12
Estonia,2010,ESF,79290962.3,15660693.2,63630269.1,39.3
Greece,2010,ERDF,1718258112.2,0,1718258112.2,26.2
Germany,2010,ERDF,1717287948.2,0,1717287948.2,28.2
Poland,2010,CF,1328185276.2,0,1328185276.2,19.5
Sweden,2010,ERDF,92736156.8,0,92736156.8,27.5
Estonia,2010,CF,109672035.6,23034628.9,86637406.7,23.6
Spain,2010,ERDF,2405311809.1,0,2405311809.1,20.6
Latvia,2010,ESF,157212663.6,22026148.7,135186515,38.9
Germany,2010,TOTAL,2845429397.3,0,2845429397.3,28.6
Austria,2010,ERDF,66360472.2,0,66360472.2,24.2
Malta,2010,ERDF,28101084.2,0,28101084.2,15.7
Portugal,2010,ESF,906332832.1,0,906332832.1,32.7
Croatia,2010,CF,1064781,0,1064781,6.1
Netherlands,2010,TOTAL,150162998.4,0,150162998.4,17.4
Denmark,2010,ERDF,19953011.3,0,19953011.3,16.6
Belgium,2010,ESF,8265347.8,0,8265347.8,19.7
EU28,2010,ESF,6734850731.9,371348557.7,6363502174.2,23
Poland,2010,TOTAL,6850960263.8,0,6850960263.9,23.2
Romania,2010,CF,175172828.5,131048460.6,44124367.9,13.9
Lithuania,2010,CF,323136916,46104714.9,277032201.2,31.2
Spain,2010,CF,1310967640.1,0,1310967640.1,44.5
EU28,2010,TOTAL,32210254862.4,775178217.4,31435076645,22.2
Sweden,2010,TOTAL,175258083.9,0,175258083.9,26.9
Greece,2010,CF,260137098.7,0,260137098.7,15.9
Finland,2010,ERDF,110903237.2,0,110903237.2,28.1
United Kingdom,2010,ERDF,763568895.4,0,763568895.4,24.7
Malta,2010,ESF,5259247,0,5259247,13.8
Romania,2010,ESF,171282418.3,147365904.7,23916513.6,13.7
Czech republic,2010,CF,523325347.8,0,523325347.8,19.3
Sweden,2010,ESF,82521927.1,0,82521927.1,26.1
Czech republic,2010,ERDF,1348324362.8,0,1348324362.8,22.4
Latvia,2010,ERDF,139219269.1,0,139219269.1,22.8
Luxembourg,2010,ERDF,2559460.6,0,2559460.6,17.6
Cyprus,2010,TOTAL,66931268.3,0,66931268.3,26.2
Ireland,2010,TOTAL,96639681.7,0,96639681.7,36.2
Denmark,2010,ESF,21647823.3,0,21647823.3,22.9
Portugal,2010,ERDF,1476161740.5,0,1476161740.5,22.8
Cyprus,2011,ESF,13194155.5,0,13194155.5,31
Greece,2011,CF,494714154.5,0,494714154.5,29.3
Netherlands,2011,TOTAL,269714755.5,0,269714755.5,33.6
Portugal,2011,CF,74487855.4,0,74487855.4,19.9
Netherlands,2011,ESF,92952519.3,0,92952519.3,27.3
Denmark,2011,ERDF,65794007.4,0,65794007.4,42.4
Italy,2011,ESF,708255624,0,708255624,29.1
Slovenia,2011,ESF,70738138,0,70738138,32.6
Denmark,2011,TOTAL,94651647.5,0,94651647.5,38.3
Italy,2011,ERDF,1187602660.4,0,1187602660.4,19.3
Latvia,2011,CF,130700037.3,0,130700037.3,32.1
Romania,2011,ESF,183784028.3,0,183784028.3,18.7
Portugal,2011,ESF,1139249926.7,0,1139249926.7,49.4
Latvia,2011,ESF,123458546.8,0,123458546.8,60
Malta,2011,ESF,10316696.9,0,10316696.9,23
Czech republic,2011,ESF,240768874.6,0,240768874.6,22.1
Cyprus,2011,ERDF,21491196,0,21491196,35.1
Ireland,2011,ERDF,23097118.3,0,23097118.3,36.1
Slovakia,2011,TOTAL,1022233984.8,0,1022233984.8,27.8
Poland,2011,ESF,1631890909.7,0,1631890909.7,40.2
Romania,2011,TOTAL,698562149.2,0,698562149.2,16.6
Belgium,2011,ESF,137211703.9,0,137211703.9,32.5
Portugal,2011,TOTAL,2684285532.9,0,2684285532.9,37.8
Romania,2011,ERDF,415981335.4,0,415981335.4,16.7
Latvia,2011,ERDF,257870653.2,0,257870653.2,33.5
Poland,2011,CF,2544422783.4,0,2544422783.4,30.8
Czech republic,2011,CF,0,0,0,19.3
Finland,2011,ERDF,132292779.1,0,132292779.1,41.6
Romania,2011,CF,98796785.5,0,98796785.5,15.4
Luxembourg,2011,TOTAL,12382086.4,0,12382086.4,40.6
Belgium,2011,TOTAL,186195430.3,0,186195430.3,32.2
Estonia,2011,TOTAL,239059763.8,0,239059763.8,42
Austria,2011,TOTAL,127691464.1,0,127691464.1,40.3
Portugal,2011,ERDF,1470547750.8,0,1470547750.8,35.6
Greece,2011,TOTAL,2643059915.7,0,2643059915.7,34.9
Slovakia,2011,CF,122328099.9,0,122328099.9,24
Finland,2011,ESF,109185321.2,0,109185321.2,39.9
Poland,2011,TOTAL,9415548746.6,0,9415548746.6,37.2
Estonia,2011,CF,47532585.8,0,47532585.8,27.7
Netherlands,2011,ERDF,176762236.1,0,176762236.1,40
Bulgaria,2011,TOTAL,539323917.8,0,539323917.8,23.8
France,2011,ERDF,1120578122.9,0,1120578122.9,36.7
Slovakia,2011,ESF,140994735.5,0,140994735.5,23.6
Czech republic,2011,TOTAL,1659206099,0,1659206099,26.9
Spain,2011,ERDF,2916714891.1,0,2916714891.1,33.3
France,2011,TOTAL,1478529694.1,0,1478529694.1,34.5
France,2011,ESF,357951571.2,0,357951571.2,31.4
Germany,2011,TOTAL,3199322165.5,0,3199322165.5,41.2
Austria,2011,ERDF,83961663.8,0,83961663.8,37.2
Belgium,2011,ERDF,48983726.4,0,48983726.4,32
Croatia,2011,ESF,0,0,0,0
Ireland,2011,TOTAL,90605397.4,0,90605397.4,48.3
Bulgaria,2011,ESF,87343988.4,0,87343988.4,20.1
Malta,2011,ERDF,44371148.7,0,44371148.7,25.7
Cyprus,2011,CF,33998576.4,0,33998576.4,44
EU28,2011,TOTAL,38415734449.6,6705000,38409029449.6,33.6
EU28,2011,ESF,9519963975.3,0,9519963975.3,35.4
Luxembourg,2011,ERDF,7153624.4,0,7153624.4,46
Lithuania,2011,ESF,176335363.9,0,176335363.9,47.3
Malta,2011,CF,27096878,0,27096878,31.5
Greece,2011,ESF,512854537.1,0,512854537.1,26.6
Ireland,2011,ESF,67508279.2,0,67508279.2,60.4
Estonia,2011,ESF,28317543,0,28317543,46.5
Cyprus,2011,TOTAL,68683928,0,68683928,37.4
United Kingdom,2011,TOTAL,1099562658.7,0,1099562658.7,38.8
Croatia,2011,TOTAL,16115828.2,6705000,9410828.2,7.4
EU28,2011,ERDF,23398600951,4244850,23394356101,34.7
United Kingdom,2011,ERDF,681586900.2,0,681586900.2,37.4
Germany,2011,ERDF,2225630490.5,0,2225630490.5,42
Lithuania,2011,CF,357283657.4,0,357283657.4,46.7
Malta,2011,TOTAL,81784723.5,0,81784723.5,27.3
Luxembourg,2011,ESF,5228462,0,5228462,35.2
Spain,2011,ESF,1531426506.8,0,1531426506.8,37.3
Spain,2011,TOTAL,4902281444.1,0,4902281444.1,36.7
Slovenia,2011,TOTAL,500611924,0,500611924,37
Croatia,2011,CF,4842095.5,2460150,2381945.5,7.8
Lithuania,2011,ERDF,404172083.5,0,404172083.5,49.1
Austria,2011,ESF,43729800.3,0,43729800.3,44.1
Sweden,2011,TOTAL,318545283.4,0,318545283.4,46.5
Sweden,2011,ERDF,189649171,0,189649171,47.8
Hungary,2011,TOTAL,3480619182.3,0,3480619182.3,35.3
EU28,2011,CF,5497169523.3,2460150,5494709373.3,28.3
Poland,2011,ERDF,5239235053.5,0,5239235053.5,40.5
United Kingdom,2011,ESF,417975758.5,0,417975758.5,40.6
Italy,2011,TOTAL,1895858284.4,0,1895858284.4,21.7
Latvia,2011,TOTAL,512029237.3,0,512029237.3,36.4
Spain,2011,CF,454140046.2,0,454140046.2,57.3
Bulgaria,2011,ERDF,182421867.1,0,182421867.1,26
Bulgaria,2011,CF,269558062.3,0,269558062.3,22.5
Germany,2011,ESF,973691675,0,973691675,39.8
Finland,2011,TOTAL,241478100.3,0,241478100.3,40.9
Hungary,2011,CF,796900607.7,0,796900607.7,30
Croatia,2011,ERDF,11273732.6,4244850,7028882.6,9.7
Hungary,2011,ESF,557845557,0,557845557,33.7
Sweden,2011,ESF,128896112.4,0,128896112.4,44.8
Slovenia,2011,ERDF,389506488.1,0,389506488.1,46.3
Slovakia,2011,ERDF,758911149.3,0,758911149.3,31.2
Czech republic,2011,ERDF,1418437224.4,0,1418437224.4,33
Slovenia,2011,CF,40367297.9,0,40367297.9,26.6
Lithuania,2011,TOTAL,937791104.8,0,937791104.8,48
Estonia,2011,ERDF,163209635.1,0,163209635.1,49.9
Greece,2011,ERDF,1635491224.1,0,1635491224.1,39.7
Denmark,2011,ESF,28857640,0,28857640,34.2
Hungary,2011,ERDF,2125873017.6,0,2125873017.6,39.4
Croatia,2012,ERDF,13197079.2,0,13197079.2,12.8
France,2012,ESF,580776605.9,0,580776605.9,42
Bulgaria,2012,ESF,136031899.5,0,136031899.5,31.6
Spain,2012,ERDF,3673468651.8,0,3673468651.8,49.2
Slovenia,2012,ERDF,324390328.8,0,324390328.8,63.1
Finland,2012,ERDF,104391510.4,0,104391510.4,52.3
Cyprus,2012,ERDF,19152926,0,19152926,41.9
Cyprus,2012,CF,9105775.8,0,9105775.8,48.3
EU28,2012,ESF,10711517916,0,10711517916,49.4
Sweden,2012,ERDF,110051001.8,0,110051001.8,59.6
Romania,2012,CF,427242258.9,0,427242258.9,21.9
Slovenia,2012,ESF,134226321.5,0,134226321.5,50.4
Hungary,2012,CF,446844649.9,0,446844649.9,35.1
Italy,2012,ESF,1135171401.3,0,1135171401.3,45.4
United Kingdom,2012,ERDF,464281757.6,0,464281757.6,46
Romania,2012,ESF,110860554.1,0,110860554.1,21.7
Luxembourg,2012,ESF,3853491.8,0,3853491.8,50.5
Poland,2012,CF,3124607865.6,0,3124607865.6,44.8
Slovenia,2012,CF,87218988.8,0,87218988.8,32.8
Belgium,2012,ESF,193725178.1,0,193725178.1,50.5
Greece,2012,ERDF,1691761508,0,1691761508,53.6
Estonia,2012,TOTAL,658762511.7,0,658762511.7,61.3
Greece,2012,ESF,577688731.8,0,577688731.8,39.8
Malta,2012,ESF,8925604.5,0,8925604.5,30.9
Poland,2012,TOTAL,10098196903.3,0,10098196903.3,52.3
Italy,2012,TOTAL,2525518304,0,2525518304,30.8
United Kingdom,2012,TOTAL,1195674736.2,0,1195674736.2,50.9
Denmark,2012,ERDF,21418690.9,0,21418690.9,50.8
Hungary,2012,TOTAL,2222577272.4,0,2222577272.4,44.2
Latvia,2012,TOTAL,714175950.3,0,714175950.3,52.2
Denmark,2012,ESF,14104809.7,0,14104809.7,39.7
Belgium,2012,TOTAL,349602359.6,0,349602359.6,49.2
Austria,2012,ERDF,29132198.5,0,29132198.5,41.7
Netherlands,2012,ERDF,71282110.5,0,71282110.5,48.6
Lithuania,2012,TOTAL,1013987422.9,0,1013987422.9,62.9
Greece,2012,TOTAL,2888843188.5,0,2888843188.5,49.2
Bulgaria,2012,TOTAL,843560545.9,0,843560545.9,36.5
Bulgaria,2012,CF,317888063.8,0,317888063.8,36.5
Sweden,2012,ESF,0,0,0,44.8
Lithuania,2012,ESF,147386035.2,0,147386035.2,61.6
Estonia,2012,ESF,105510673.4,0,105510673.4,73.5
Czech republic,2012,ESF,299544273.6,0,299544273.6,30.3
Germany,2012,TOTAL,3291270505.8,0,3291270505.8,54.1
Czech republic,2012,CF,1411742785.7,0,1411742785.7,35.7
Denmark,2012,TOTAL,35523500.6,0,35523500.6,45.3
Romania,2012,TOTAL,1137662487,0,1137662487,22.6
Czech republic,2012,ERDF,1399293712.6,0,1399293712.6,43.3
Czech republic,2012,TOTAL,3110580771.9,0,3110580771.9,38.9
Greece,2012,CF,619392948.7,0,619392948.7,46
Malta,2012,CF,24929371.9,0,24929371.9,40.3
Bulgaria,2012,ERDF,389640582.7,0,389640582.7,38.4
EU28,2012,ERDF,24690705840.5,0,24690705840.5,47.6
Netherlands,2012,TOTAL,198526218.1,0,198526218.1,45.6
Slovakia,2012,TOTAL,1522428893.8,0,1522428893.8,41.1
Latvia,2012,ESF,112274801.8,0,112274801.8,79.3
Ireland,2012,ESF,35873805,0,35873805,70
Ireland,2012,ERDF,54711606.2,0,54711606.2,50.7
Croatia,2012,ESF,0,0,0,0
Estonia,2012,ERDF,249731878,0,249731878,63.3
Croatia,2012,TOTAL,25411525.2,0,25411525.2,10.3
Slovakia,2012,ERDF,921147054.9,0,921147054.9,46.3
Sweden,2012,TOTAL,110051001.8,0,110051001.8,53.3
Malta,2012,TOTAL,83300235.8,0,83300235.8,37.2
Germany,2012,ESF,1256973890,0,1256973890,53.2
Portugal,2012,ERDF,2738472686.2,0,2738472686.2,59.4
Malta,2012,ERDF,49445259.4,0,49445259.4,36.8
Portugal,2012,TOTAL,4584333422.1,0,4584333422.1,59.2
Cyprus,2012,TOTAL,42436822.3,0,42436822.3,44.3
Slovenia,2012,TOTAL,545835639.1,0,545835639.1,50.3
Lithuania,2012,ERDF,511609098.9,0,511609098.9,63.9
Poland,2012,ESF,1657381687.5,0,1657381687.5,56.8
United Kingdom,2012,ESF,731392978.6,0,731392978.6,56.9
Netherlands,2012,ESF,127244107.6,0,127244107.6,42.6
Latvia,2012,CF,214510232.6,0,214510232.6,46.1
Croatia,2012,CF,12214446,0,12214446,12.2
Latvia,2012,ERDF,387390915.9,0,387390915.9,49.6
Belgium,2012,ERDF,155877181.6,0,155877181.6,47.8
Luxembourg,2012,ERDF,1814097.9,0,1814097.9,53.2
Ireland,2012,TOTAL,90585411.3,0,90585411.3,60.3
Italy,2012,ERDF,1390346902.7,0,1390346902.7,25.9
Luxembourg,2012,TOTAL,5667589.7,0,5667589.7,51.8
Spain,2012,CF,228593893.7,0,228593893.7,63.8
Hungary,2012,ERDF,1399841573.1,0,1399841573.1,50.5
France,2012,TOTAL,1149568492.9,0,1149568492.9,43
Finland,2012,TOTAL,220369447.9,0,220369447.9,54.7
EU28,2012,CF,8671943015.8,0,8671943015.8,40.8
Cyprus,2012,ESF,14178120.5,0,14178120.5,42.8
Portugal,2012,ESF,1110206178.9,0,1110206178.9,65.6
Austria,2012,ESF,127612653.4,0,127612653.4,68.4
Spain,2012,TOTAL,5252970760.2,0,5252970760.2,51.9
Spain,2012,ESF,1350908214.7,0,1350908214.7,54.3
Germany,2012,ERDF,2034296615.9,0,2034296615.9,54.6
Romania,2012,ERDF,599559673.9,0,599559673.9,23.5
EU28,2012,TOTAL,44074166772.3,0,44074166772.3,46.6
Estonia,2012,CF,303519960.3,0,303519960.3,54.1
Portugal,2012,CF,735654557,0,735654557,43.9
Austria,2012,TOTAL,156744851.9,0,156744851.9,53.7
Lithuania,2012,CF,354992288.9,0,354992288.9,62.1
Slovakia,2012,ESF,247796910.8,0,247796910.8,40.2
Finland,2012,ESF,115977937.5,0,115977937.5,58.6
France,2012,ERDF,568791887,0,568791887,43.7
Hungary,2012,ESF,375891049.3,0,375891049.3,44.1
Poland,2012,ERDF,5316207350.2,0,5316207350.2,55.8
Slovakia,2012,CF,353484928.1,0,353484928.1,33.1
Latvia,2013,ESF,91576056.8,0,91576056.8,95
Spain,2013,CF,316127930.2,0,316127930.2,72.7
Latvia,2013,TOTAL,623654432.3,0,623654432.3,66
Malta,2013,ERDF,49169981.4,0,49169981.4,47.9
Czech republic,2013,TOTAL,3522506023.8,0,3522506023.8,52.5
Slovakia,2013,ESF,123215580.4,0,123215580.4,48.6
Netherlands,2013,ERDF,144282671.4,0,144282671.4,65.9
Portugal,2013,ERDF,2122226434,0,2122226434,77.9
Slovakia,2013,ERDF,660132510.5,0,660132510.5,57.2
Luxembourg,2013,ERDF,3805343.6,0,3805343.6,68.2
Bulgaria,2013,CF,142246524.3,0,142246524.3,42.7
Italy,2013,ERDF,4166478794.5,0,4166478794.5,45.8
Netherlands,2013,ESF,158936774.2,0,158936774.2,61.8
Estonia,2013,ESF,64243686.1,0,64243686.1,89.9
Hungary,2013,CF,1501466204.3,0,1501466204.3,52.5
Greece,2013,CF,1041441479.6,0,1041441479.6,74.2
Latvia,2013,ERDF,327225937.2,0,327225937.2,63.1
Germany,2013,ERDF,2324819734.6,0,2324819734.6,69.1
Netherlands,2013,TOTAL,303219445.7,0,303219445.7,63.8
Croatia,2013,TOTAL,68193301.5,0,68193301.5,18.3
Finland,2013,TOTAL,334713134.1,0,334713134.1,75.7
Italy,2013,ESF,1239165928.2,0,1239165928.2,63.2
EU28,2013,CF,11227466338,0,11227466338,56.8
Belgium,2013,ESF,228591506.4,0,228591506.4,71.8
Malta,2013,ESF,27155612.1,0,27155612.1,55.2
Greece,2013,TOTAL,4111843859.1,0,4111843859.1,69.6
Croatia,2013,ESF,0,0,0,0
Estonia,2013,ERDF,291653919.5,0,291653919.5,79
Latvia,2013,CF,204852438.2,0,204852438.2,59.4
Denmark,2013,ERDF,0,0,0,50.8
Croatia,2013,ERDF,43240924.9,0,43240924.9,23
Germany,2013,ESF,1925319705.6,0,1925319705.6,73.8
Romania,2013,ERDF,1210601475.1,0,1210601475.1,37.2
Luxembourg,2013,TOTAL,8091002.6,0,8091002.6,67.8
Finland,2013,ERDF,211287537.2,0,211287537.2,73.9
United Kingdom,2013,ERDF,299911499.6,0,299911499.6,51.5
Romania,2013,ESF,711355238.9,0,711355238.9,41
Czech republic,2013,ESF,1027907861.9,0,1027907861.9,58.3
France,2013,TOTAL,2294477514.8,0,2294477514.8,59.9
Estonia,2013,CF,322693433.2,0,322693433.2,82.1
Hungary,2013,ESF,437501095.4,0,437501095.4,56.2
France,2013,ERDF,1317737650.7,0,1317737650.7,60.1
Belgium,2013,TOTAL,404989908,0,404989908,68.9
Bulgaria,2013,ERDF,435678301.2,0,435678301.2,52.2
Sweden,2013,TOTAL,250369415.9,0,250369415.9,68.7
Estonia,2013,TOTAL,678591038.8,0,678591038.8,81.3
Luxembourg,2013,ESF,4285659,0,4285659,67.4
Czech republic,2013,CF,1363040475.5,0,1363040475.5,51.4
Portugal,2013,CF,857184279.4,0,857184279.4,71.9
Hungary,2013,TOTAL,3752738591.4,0,3752738591.4,59.3
Slovenia,2013,TOTAL,516215002.1,0,516215002.1,62.9
Malta,2013,TOTAL,109883899.6,0,109883899.6,50.3
Austria,2013,ERDF,90110163.1,0,90110163.1,55.6
Denmark,2013,ESF,46669932,0,46669932,58
Romania,2013,TOTAL,2884470134.1,0,2884470134.1,37.8
Portugal,2013,ESF,1194849756.6,0,1194849756.6,83
EU28,2013,ERDF,28381340565.8,0,28381340565.8,62.3
Ireland,2013,ESF,0,0,0,70
Poland,2013,CF,3436723132.6,0,3436723132.6,60.1
Belgium,2013,ERDF,176398401.6,0,176398401.6,65.6
Greece,2013,ERDF,2210489541.9,0,2210489541.9,71.8
Lithuania,2013,CF,360230623.8,0,360230623.8,77.7
Spain,2013,TOTAL,3815875527.8,0,3815875527.7,62.9
Ireland,2013,ERDF,73064349.8,0,73064349.8,70.2
Finland,2013,ESF,123425596.9,0,123425596.9,78.6
Cyprus,2013,TOTAL,103937012.6,0,103937012.6,61.3
Spain,2013,ERDF,2732400906.5,0,2732400906.5,61.1
France,2013,ESF,976739864.1,0,976739864.1,59.7
Romania,2013,CF,962513420.1,0,962513420.1,36.7
Austria,2013,ESF,88834753.2,0,88834753.2,85.4
Bulgaria,2013,TOTAL,886207011.1,0,886207011.1,49.9
Sweden,2013,ESF,101096345.7,0,101096345.7,59.4
United Kingdom,2013,TOTAL,571783920.3,0,571783920.4,56.7
Lithuania,2013,TOTAL,1072505655.8,0,1072505655.8,78.8
Germany,2013,TOTAL,4250139440.2,0,4250139440.2,70.8
EU28,2013,TOTAL,52253925580.8,0,52253925580.8,62
Lithuania,2013,ESF,176983235.2,0,176983235.2,78.9
Poland,2013,ESF,1513081541.3,0,1513081541.3,71.9
Slovenia,2013,ESF,151477018.3,0,151477018.3,70.4
Hungary,2013,ERDF,1813771291.6,0,1813771291.6,64.8
Croatia,2013,CF,24952376.6,0,24952376.6,21.1
United Kingdom,2013,ESF,271872420.7,0,271872420.7,62.9
Austria,2013,TOTAL,178944916.3,0,178944916.3,69
EU28,2013,ESF,12645118677,0,12645118677,65.9
Slovenia,2013,ERDF,259695374.4,0,259695374.4,76.5
Cyprus,2013,ERDF,75125314.3,0,75125314.3,68.8
Denmark,2013,TOTAL,46669932,0,46669932,54.4
Italy,2013,TOTAL,5405644722.6,0,5405644722.6,50.1
Greece,2013,ESF,859912837.6,0,859912837.6,59.5
Sweden,2013,ERDF,149273070.2,0,149273070.2,75.6
Slovenia,2013,CF,105042609.4,0,105042609.4,40.3
Slovakia,2013,TOTAL,1335221291,0,1335221291,52.7
Bulgaria,2013,ESF,308282185.7,0,308282185.7,57.7
Ireland,2013,TOTAL,73064349.8,0,73064349.8,70.1
Cyprus,2013,CF,3519904.5,0,3519904.5,50
Slovakia,2013,CF,551873200.1,0,551873200.1,47.2
Lithuania,2013,ERDF,535291796.8,0,535291796.8,79.5
Portugal,2013,TOTAL,4174260470.1,0,4174260470.1,78.7
Cyprus,2013,ESF,25291793.8,0,25291793.8,63.9
Poland,2013,TOTAL,10475714627.6,0,10475714627.6,67.9
Malta,2013,CF,33558306.1,0,33558306.1,52.1
Czech republic,2013,ERDF,1131557686.4,0,1131557686.4,51.7
Poland,2013,ERDF,5525909953.7,0,5525909953.7,71.7
Spain,2013,ESF,767346691,0,767346691,64
Hungary,2014,TOTAL,4232893969.2,0,4232893969.2,76.3
Bulgaria,2014,CF,350480735,0,350480735,58
Greece,2014,ERDF,2111441387.4,0,2111441387.4,89.2
Lithuania,2014,ESF,166070503.8,0,166070503.8,95
Slovenia,2014,CF,338557167,0,338557167,64.2
Belgium,2014,ESF,58471808.4,0,58471808.4,77.3
Croatia,2014,ESF,43998399.8,0,43998399.8,28.9
Czech republic,2014,CF,899946865.8,0,899946865.8,61.9
Estonia,2014,TOTAL,376167102.8,0,376167102.8,92.3
Romania,2014,ERDF,1864404745.6,0,1864404745.6,58.3
Slovenia,2014,ESF,134880399.9,0,134880399.9,88.3
Malta,2014,ESF,15953135.6,0,15953135.6,69.4
Cyprus,2014,TOTAL,140763139.7,0,140763139.7,84.3
Cyprus,2014,ERDF,54246242.6,0,54246242.6,88.2
France,2014,ERDF,1391386917.4,0,1391386917.4,77.4
Finland,2014,ERDF,133791750.1,0,133791750.1,87.6
Luxembourg,2014,ESF,3910171.5,0,3910171.5,82.9
Spain,2014,CF,646438590.6,0,646438590.6,90.9
Estonia,2014,ESF,19978738.9,0,19978738.9,95
Cyprus,2014,ESF,31705093.8,0,31705093.8,90.4
Sweden,2014,ERDF,133471896.9,0,133471896.9,89.9
Belgium,2014,ERDF,221290008.6,0,221290008.6,88.1
Ireland,2014,ERDF,48431383.1,0,48431383.1,83.1
Hungary,2014,CF,1891341671.6,0,1891341671.6,74.4
Greece,2014,ESF,1088683042.7,0,1088683042.7,84.5
Sweden,2014,TOTAL,344723152,0,344723152,89.9
Bulgaria,2014,ESF,288281819.1,0,288281819.1,82.2
Croatia,2014,CF,86149873.2,59920000,26229873.2,51.7
Croatia,2014,TOTAL,230140853.9,128440000,101700853.9,45.1
Estonia,2014,CF,144386698,0,144386698,94.6
Luxembourg,2014,TOTAL,8066891.2,0,8066891.2,83.8
Slovakia,2014,CF,403065761.1,0,403065761.1,57.6
Austria,2014,ERDF,81839972.5,0,81839972.5,68.3
United Kingdom,2014,ESF,318941460.6,0,318941460.6,70
Italy,2014,TOTAL,3703399756.6,0,3703399756.6,63.3
France,2014,ESF,819024169.4,0,819024169.4,74.6
EU28,2014,CF,12848408767.5,59920000,12788488767.5,75.2
Germany,2014,ERDF,2109052082.7,0,2109052082.7,82.2
Denmark,2014,ESF,58116099.4,0,58116099.4,80.8
Malta,2014,TOTAL,194056604,0,194056604,73.4
Slovenia,2014,ERDF,298282490.1,0,298282490.1,91.9
Poland,2014,ESF,1532155871.2,0,1532155871.2,87.2
United Kingdom,2014,TOTAL,1613785654.5,0,1613785654.5,73.1
Spain,2014,ESF,336193645.2,0,336193645.2,68.2
Bulgaria,2014,ERDF,427816742.1,0,427816742.1,65.8
Austria,2014,ESF,50428816.3,0,50428816.3,95
Luxembourg,2014,ERDF,4156719.7,0,4156719.7,84.7
Portugal,2014,TOTAL,2979445343.5,0,2979445343.5,92.6
Spain,2014,TOTAL,3473663438.2,0,3473663438.2,73
Netherlands,2014,TOTAL,278671420.1,0,278671420.1,80.6
Slovakia,2014,TOTAL,852949366.2,0,852949366.2,60.1
Malta,2014,ERDF,118785358.6,0,118785358.6,74.7
Hungary,2014,ESF,894540063.8,0,894540063.8,80.9
Finland,2014,ESF,81359492.6,0,81359492.6,91.7
Romania,2014,TOTAL,3536806630.6,0,3536806630.6,56.3
Netherlands,2014,ESF,129106356.2,0,129106356.2,77.3
Slovenia,2014,TOTAL,771720057,0,771720057,81.7
Denmark,2014,ERDF,76313302.4,0,76313302.4,80.7
France,2014,TOTAL,2210411086.7,0,2210411086.7,76.3
Portugal,2014,ERDF,1541659765.6,0,1541659765.6,91.3
Estonia,2014,ERDF,211801665.9,0,211801665.9,90.4
Netherlands,2014,ERDF,149565063.9,0,149565063.9,84
Romania,2014,CF,1554586467,0,1554586467,60.5
Austria,2014,TOTAL,132268788.9,0,132268788.9,80.3
Poland,2014,CF,4497445613.9,0,4497445613.9,80.2
Italy,2014,ESF,1006383195.6,0,1006383195.6,77.7
Czech republic,2014,TOTAL,2954118077.6,0,2954118077.6,64
Germany,2014,ESF,1073068594,0,1073068594,85.3
Belgium,2014,TOTAL,279761817,0,279761817,82.5
Hungary,2014,ERDF,1447012233.8,0,1447012233.8,76.3
Lithuania,2014,TOTAL,1013149471.8,0,1013149471.8,93.7
Poland,2014,ERDF,5657379630.8,0,5657379630.8,87.9
Slovakia,2014,ERDF,137719068.8,0,137719068.8,59.4
Denmark,2014,TOTAL,134429401.7,0,134429401.7,80.8
Slovakia,2014,ESF,312164536.2,0,312164536.2,69.6
Latvia,2014,ERDF,388684338.2,0,388684338.2,79.3
Sweden,2014,ESF,211251255,0,211251255,89.9
Czech republic,2014,ESF,308700892.1,0,308700892.1,66.7
Ireland,2014,ESF,24148177.8,0,24148177.8,76.4
Cyprus,2014,CF,54811803.3,0,54811803.3,75.7
Greece,2014,CF,580210011.2,0,580210011.2,89.9
EU28,2014,ESF,9944484942.9,0,9944484942.9,78.9
Ireland,2014,TOTAL,72579560.9,0,72579560.9,79.7
Portugal,2014,CF,618631792,0,618631792,92.1
EU28,2014,TOTAL,50177776136.6,128440000,50049336136.6,76.8
Malta,2014,CF,59318109.8,0,59318109.8,72.9
EU28,2014,ERDF,27384882426.2,68520000,27316362426.2,76.6
Spain,2014,ERDF,2491031202.4,0,2491031202.4,71.9
United Kingdom,2014,ERDF,1294844193.9,0,1294844193.9,75.6
Greece,2014,TOTAL,3780334441.3,0,3780334441.3,88.3
Romania,2014,ESF,117815418,0,117815418,44.2
Finland,2014,TOTAL,215151242.7,0,215151242.7,89.2
Czech republic,2014,ERDF,1745470319.8,0,1745470319.8,64.6
Poland,2014,TOTAL,11686981116,0,11686981116,85.3
Latvia,2014,CF,323953441.4,0,323953441.4,80.4
Portugal,2014,ESF,819153786,0,819153786,95
Bulgaria,2014,TOTAL,1066579296.2,0,1066579296.2,66
Germany,2014,TOTAL,3182120676.8,0,3182120676.8,83.3
Latvia,2014,TOTAL,712637779.6,0,712637779.6,81.7
Lithuania,2014,ERDF,447994801.2,0,447994801.2,92.5
Italy,2014,ERDF,2697016561.1,0,2697016561.1,58.6
Latvia,2014,ESF,0,0,0,95
Lithuania,2014,CF,399084166.7,0,399084166.7,95
Croatia,2014,ERDF,99992581,68520000,31472581,46.5
Bulgaria,2015,TOTAL,966725918.1,0,966725918.1,80.6
Cyprus,2015,ESF,4359811.8,0,4359811.8,94.1
Portugal,2015,CF,88053490.1,0,88053490.1,95
Slovakia,2015,ESF,115800057.4,0,115800057.4,77.4
EU28,2015,ESF,6497899152.7,0,6497899152.7,87.4
Malta,2015,ESF,9269049.3,0,9269049.3,77.7
Latvia,2015,ESF,0,0,0,95
Lithuania,2015,ERDF,86238318.3,0,86238318.3,95
Finland,2015,TOTAL,82557905.3,0,82557905.3,94.4
Estonia,2015,CF,4481119.8,0,4481119.8,95
Belgium,2015,ESF,94315880.8,0,94315880.8,86.1
Slovakia,2015,TOTAL,1736542980.2,0,1736542980.2,75.2
Hungary,2015,CF,537615448.6,0,537615448.6,80.6
Estonia,2015,ESF,0,0,0,95
Croatia,2015,ERDF,20660573.8,0,20660573.8,51.4
Poland,2015,TOTAL,5783647337.8,0,5783647337.8,93.9
Finland,2015,ERDF,62252921.7,0,62252921.7,93.9
Bulgaria,2015,ERDF,487576256.8,0,487576256.8,81.3
Austria,2015,ESF,0,0,0,95
EU28,2015,ERDF,18701235429.6,0,18701235429.6,86.3
Czech republic,2015,CF,1205467067.3,0,1205467067.3,75.8
Czech republic,2015,TOTAL,4829010394.3,0,4829010394.3,82.7
France,2015,ESF,832063923.6,0,832063923.6,89.8
Latvia,2015,ERDF,359251856.2,0,359251856.2,94.2
Netherlands,2015,ERDF,35372575.4,0,35372575.4,88.2
Luxembourg,2015,ESF,2288923.2,0,2288923.2,92
Lithuania,2015,CF,0,0,0,95
Austria,2015,TOTAL,137557022.5,0,137557022.5,92
Ireland,2015,ESF,47060264,0,47060264,89
Germany,2015,ESF,596396202.4,0,596396202.4,91.7
Czech republic,2015,ESF,728555968.4,0,728555968.4,86.5
Spain,2015,CF,144043281.1,0,144043281.1,95
Czech republic,2015,ERDF,2894987358.5,0,2894987358.5,86.1
Spain,2015,ERDF,2671107344.9,0,2671107344.9,83.5
Austria,2015,ERDF,137557022.5,0,137557022.5,89.6
Belgium,2015,ERDF,54766613.6,0,54766613.6,93.6
France,2015,ERDF,845326255.9,0,845326255.9,87.9
Poland,2015,ESF,778939813.5,0,778939813.5,95
Hungary,2015,ERDF,1272275091.6,0,1272275091.6,86.3
Greece,2015,TOTAL,1236541561,0,1236541561,94.4
Netherlands,2015,ESF,92718036.1,0,92718036.1,88.5
Latvia,2015,TOTAL,583087895.6,0,583087895.6,94.6
Ireland,2015,ERDF,29680587.8,0,29680587.8,91
Luxembourg,2015,ERDF,2598961.6,0,2598961.6,95
Poland,2015,CF,3309367602.1,0,3309367602.1,95
Netherlands,2015,TOTAL,128090611.5,0,128090611.5,88.4
Portugal,2015,TOTAL,507215553.1,0,507215553.1,95
Croatia,2015,TOTAL,57960562.8,0,57960562.9,51.8
Romania,2015,ESF,661520588.6,0,661520588.6,62.2
Hungary,2015,TOTAL,1828304651.2,0,1828304651.2,83.6
Malta,2015,ERDF,37449766.6,0,37449766.6,83.1
Luxembourg,2015,TOTAL,4887884.8,0,4887884.8,93.5
Lithuania,2015,TOTAL,86238318.3,0,86238318.3,95
Croatia,2015,ESF,11231016.7,0,11231016.7,36.2
Greece,2015,ERDF,767466553.4,0,767466553.4,95.5
Greece,2015,CF,187666956.6,0,187666956.6,95
Slovenia,2015,ERDF,59830426,0,59830426,95
Latvia,2015,CF,223836039.5,0,223836039.5,94.9
Cyprus,2015,TOTAL,32137905.2,0,32137905.2,89.5
Slovakia,2015,CF,741675505.5,0,741675505.5,76.6
Slovenia,2015,ESF,50663914.9,0,50663914.9,95
Slovakia,2015,ERDF,879067417.3,0,879067417.3,73.8
Sweden,2015,ESF,35129157.4,0,35129157.4,95
Sweden,2015,ERDF,43279600.1,0,43279600.1,94.5
Cyprus,2015,CF,8781949.4,0,8781949.4,79.8
Croatia,2015,CF,26068972.4,0,26068972.4,61
Malta,2015,TOTAL,65255089.9,0,65255089.9,81.2
Greece,2015,ESF,281408051.1,0,281408051.1,90.9
Malta,2015,CF,18536274,0,18536274,79.5
Slovenia,2015,CF,280933492.2,0,280933492.2,84.1
Denmark,2015,ERDF,36325982.1,0,36325982.1,95
EU28,2015,CF,7741870161.9,0,7741870161.9,86.3
Hungary,2015,ESF,18414110.9,0,18414110.9,81.4
Germany,2015,ERDF,1382500410.5,0,1382500410.5,90.8
Lithuania,2015,ESF,0,0,0,95
Bulgaria,2015,ESF,143400026.5,0,143400026.5,94.3
Estonia,2015,TOTAL,90729492.8,0,90729492.8,95
Bulgaria,2015,CF,335749634.8,0,335749634.8,72.7
Italy,2015,ERDF,2974523265.4,0,2974523265.4,72.8
Portugal,2015,ESF,4334808.9,0,4334808.9,95
Poland,2015,ERDF,1695339922.1,0,1695339922.1,92.8
Romania,2015,CF,629593328.5,0,629593328.5,70.2
United Kingdom,2015,ERDF,580735732.9,0,580735732.9,86.4
Belgium,2015,TOTAL,149082494.4,0,149082494.4,89.7
Estonia,2015,ERDF,86248373,0,86248373,95
Finland,2015,ESF,20304983.6,0,20304983.6,95
EU28,2015,TOTAL,32941004744.2,0,32941004744.2,86.6
Italy,2015,TOTAL,3672447867.2,0,3672447867.2,76.5
Italy,2015,ESF,697924601.8,0,697924601.8,87.7
Spain,2015,ESF,530517868.6,0,530517868.6,74.9
Romania,2015,ERDF,764992843.6,0,764992843.6,66.9
Denmark,2015,ESF,12145210,0,12145210,85.6
Sweden,2015,TOTAL,78408757.5,0,78408757.5,94.7
Slovenia,2015,TOTAL,391427833.1,0,391427833.1,91.3
Cyprus,2015,ERDF,18996144,0,18996144,95
Romania,2015,TOTAL,2056106760.7,0,2056106760.7,67.1
Spain,2015,TOTAL,3345668494.6,0,3345668494.6,82.7
Germany,2015,TOTAL,1978896612.9,0,1978896612.9,91.1
Portugal,2015,ERDF,414827254,0,414827254,94.9
Denmark,2015,TOTAL,48471192.2,0,48471192.2,90.3
Ireland,2015,TOTAL,76740851.7,0,76740851.7,90
United Kingdom,2015,ESF,729136883.1,0,729136883.1,86.2
France,2015,TOTAL,1677390179.5,0,1677390179.5,88.6
United Kingdom,2015,TOTAL,1309872616,0,1309872616,86.3
